"","buying","maint","doors","persons","lug_boot","safety","class"
"1",4,1,4,2,1,1,2
"2",4,1,4,3,3,2,2
"3",4,3,2,2,3,1,1
"4",4,3,2,2,2,2,2
"5",4,3,2,2,2,3,2
"6",4,3,2,2,2,1,1
"7",4,3,2,2,1,2,2
"8",4,3,2,2,1,3,1
"9",4,3,2,2,1,1,1
"10",4,3,2,3,3,2,2
"11",4,3,2,3,3,3,2
"12",4,3,2,3,3,1,1
"13",4,3,2,3,2,2,2
"14",4,3,2,3,2,3,1
"15",4,3,2,3,2,1,1
"16",4,3,2,3,1,2,2
"17",4,3,2,3,1,3,1
"18",4,3,2,3,1,1,1
"19",4,3,3,1,3,2,2
"20",4,3,3,1,3,3,2
"21",4,3,3,1,3,1,2
"22",4,3,3,1,2,2,2
"23",4,3,3,1,2,3,2
"24",4,3,3,1,2,1,2
"25",4,3,3,1,1,2,2
"26",4,3,3,1,1,3,2
"27",4,3,3,1,1,1,2
"28",4,3,3,2,3,2,2
"29",4,3,3,2,3,3,2
"30",4,3,3,2,3,1,1
"31",4,3,3,2,2,2,2
"32",4,3,3,2,2,3,1
"33",4,3,3,2,2,1,1
"34",4,3,3,2,1,2,2
"35",4,3,3,2,1,3,1
"36",4,3,3,2,1,1,1
"37",4,3,3,3,3,2,2
"38",4,3,3,3,3,3,2
"39",4,3,3,3,3,1,1
"40",4,3,3,3,2,2,2
"41",4,3,3,3,2,3,1
"42",4,3,3,3,2,1,1
"43",4,3,3,3,1,2,2
"44",4,3,3,3,1,3,1
"45",4,3,3,3,1,1,1
"46",4,3,4,1,3,2,2
"47",4,3,4,1,3,3,2
"48",4,3,4,1,3,1,2
"49",4,3,4,1,2,2,2
"50",4,3,4,1,2,3,2
"51",4,3,4,1,2,1,2
"52",4,3,4,1,1,2,2
"53",4,3,4,1,1,3,2
"54",4,3,4,1,1,1,2
"55",4,3,4,2,3,2,2
"56",4,3,4,2,3,3,2
"57",4,3,4,2,3,1,1
"58",4,3,4,2,2,2,2
"59",4,3,4,2,2,3,1
"60",4,3,4,2,2,1,1
"61",4,3,4,2,1,2,2
"62",4,3,4,2,1,3,1
"63",4,3,4,2,1,1,1
"64",4,3,4,3,3,2,2
"65",4,3,4,3,3,3,2
"66",4,3,4,3,3,1,1
"67",4,3,4,3,2,2,2
"68",4,3,4,3,2,3,1
"69",4,3,4,3,2,1,1
"70",4,3,4,3,1,2,2
"71",4,3,4,3,1,3,1
"72",4,3,4,3,1,1,1
"73",4,2,1,1,3,2,2
"74",4,2,1,1,3,3,2
"75",4,2,1,1,3,1,2
"76",4,2,1,1,2,2,2
"77",4,2,1,1,2,3,2
"78",4,2,1,1,2,1,2
"79",4,2,1,1,1,2,2
"80",4,2,1,1,1,3,2
"81",4,2,1,1,1,1,2
"82",4,2,1,2,3,2,2
"83",4,2,1,2,3,3,2
"84",4,2,1,2,3,1,1
"85",4,2,1,2,2,2,2
"86",4,2,1,2,2,3,2
"87",4,2,1,2,2,1,1
"88",4,2,1,2,1,2,2
"89",4,2,1,2,1,3,1
"90",4,2,1,2,1,1,1
"91",4,2,1,3,3,2,2
"92",4,2,1,3,3,3,2
"93",4,2,1,3,3,1,2
"94",4,2,1,3,2,2,2
"95",4,2,1,3,2,3,2
"96",4,2,1,3,2,1,1
"97",4,2,1,3,1,2,2
"98",4,2,1,3,1,3,1
"99",4,2,1,3,1,1,1
"100",4,2,2,1,3,2,2
"101",4,2,2,1,3,3,2
"102",4,2,2,1,3,1,2
"103",4,2,2,1,2,2,2
"104",4,2,2,1,2,3,2
"105",4,2,2,1,2,1,2
"106",4,2,2,1,1,2,2
"107",4,2,2,1,1,3,2
"108",4,2,2,1,1,1,2
"109",4,2,2,2,3,2,2
"110",4,2,2,2,3,3,2
"111",4,2,2,2,3,1,1
"112",4,2,2,2,2,2,2
"113",4,2,2,2,2,3,2
"114",4,2,2,2,2,1,1
"115",4,2,2,2,1,2,2
"116",4,2,2,2,1,3,1
"117",4,2,2,2,1,1,1
"118",4,2,2,3,3,2,2
"119",4,2,2,3,3,3,2
"120",4,2,2,3,3,1,1
"121",4,2,2,3,2,2,2
"122",4,2,2,3,2,3,1
"123",4,2,2,3,2,1,1
"124",4,2,2,3,1,2,2
"125",4,2,2,3,1,3,1
"126",4,2,2,3,1,1,1
"127",4,2,3,1,3,2,2
"128",4,2,3,1,3,3,2
"129",4,2,3,1,3,1,2
"130",4,2,3,1,2,2,2
"131",4,2,3,1,2,3,2
"132",4,2,3,1,2,1,2
"133",4,2,3,1,1,2,2
"134",4,2,3,1,1,3,2
"135",4,2,3,1,1,1,2
"136",4,2,3,2,3,2,2
"137",4,2,3,2,3,3,2
"138",4,2,3,2,3,1,1
"139",4,2,3,2,2,2,2
"140",4,2,3,2,2,3,1
"141",4,2,3,2,2,1,1
"142",4,2,3,2,1,2,2
"143",4,2,3,2,1,3,1
"144",4,2,3,2,1,1,1
"145",4,2,3,3,3,2,2
"146",4,2,3,3,3,3,2
"147",4,2,3,3,3,1,1
"148",4,2,3,3,2,2,2
"149",4,2,3,3,2,3,1
"150",4,2,3,3,2,1,1
"151",4,2,3,3,1,2,2
"152",4,2,3,3,1,3,1
"153",4,2,3,3,1,1,1
"154",4,2,4,1,3,2,2
"155",4,2,4,1,3,3,2
"156",4,2,4,1,3,1,2
"157",4,2,4,1,2,2,2
"158",4,2,4,1,2,3,2
"159",4,2,4,1,2,1,2
"160",4,2,4,1,1,2,2
"161",4,2,4,1,1,3,2
"162",4,2,4,1,1,1,2
"163",4,2,4,2,3,2,2
"164",4,2,4,2,3,3,2
"165",4,2,4,2,3,1,1
"166",4,2,4,2,2,2,2
"167",4,2,4,2,2,3,1
"168",4,2,4,2,2,1,1
"169",4,2,4,2,1,2,2
"170",4,2,4,2,1,3,1
"171",4,2,4,2,1,1,1
"172",4,2,4,3,3,2,2
"173",4,2,4,3,3,3,2
"174",4,2,4,3,3,1,1
"175",4,2,4,3,2,2,2
"176",4,2,4,3,2,3,1
"177",4,2,4,3,2,1,1
"178",4,2,4,3,1,2,2
"179",4,2,4,3,1,3,1
"180",4,2,4,3,1,1,1
"181",1,4,1,1,3,2,2
"182",1,4,1,1,3,3,2
"183",1,4,1,1,3,1,2
"184",1,4,1,1,2,2,2
"185",1,4,1,1,2,3,2
"186",1,4,1,1,2,1,2
"187",1,4,1,1,1,2,2
"188",1,4,1,1,1,3,2
"189",1,4,1,1,1,1,2
"190",1,4,1,2,3,2,2
"191",1,4,1,2,3,3,2
"192",1,4,1,2,3,1,2
"193",1,4,1,2,2,2,2
"194",1,4,1,2,2,3,2
"195",1,4,1,2,2,1,2
"196",1,4,1,2,1,2,2
"197",1,4,1,2,1,3,2
"198",1,4,1,2,1,1,2
"199",1,4,1,3,3,2,2
"200",1,4,1,3,3,3,2
"201",1,4,1,3,3,1,2
"202",1,4,1,3,2,2,2
"203",1,4,1,3,2,3,2
"204",1,4,1,3,2,1,2
"205",1,4,1,3,1,2,2
"206",1,4,1,3,1,3,2
"207",1,4,1,3,1,1,2
"208",1,4,2,1,3,2,2
"209",1,4,2,1,3,3,2
"210",1,4,2,1,3,1,2
"211",1,4,2,1,2,2,2
"212",1,4,2,1,2,3,2
"213",1,4,2,1,2,1,2
"214",1,4,2,1,1,2,2
"215",1,4,2,1,1,3,2
"216",1,4,2,1,1,1,2
"217",1,4,2,2,3,2,2
"218",1,4,2,2,3,3,2
"219",1,4,2,2,3,1,2
"220",1,4,2,2,2,2,2
"221",1,4,2,2,2,3,2
"222",1,4,2,2,2,1,2
"223",1,4,2,2,1,2,2
"224",1,4,2,2,1,3,2
"225",1,4,2,2,1,1,2
"226",1,4,2,3,3,2,2
"227",1,4,2,3,3,3,2
"228",1,4,2,3,3,1,2
"229",1,4,2,3,2,2,2
"230",1,4,2,3,2,3,2
"231",1,4,2,3,2,1,2
"232",1,4,2,3,1,2,2
"233",1,4,2,3,1,3,2
"234",1,4,2,3,1,1,2
"235",1,4,3,1,3,2,2
"236",1,4,3,1,3,3,2
"237",1,4,3,1,3,1,2
"238",1,4,3,1,2,2,2
"239",1,4,3,1,2,3,2
"240",1,4,3,1,2,1,2
"241",1,4,3,1,1,2,2
"242",1,4,3,1,1,3,2
"243",1,4,3,1,1,1,2
"244",1,4,3,2,3,2,2
"245",1,4,3,2,3,3,2
"246",1,4,3,2,3,1,2
"247",1,4,3,2,2,2,2
"248",1,4,3,2,2,3,2
"249",1,4,3,2,2,1,2
"250",1,4,3,2,1,2,2
"251",1,4,3,2,1,3,2
"252",1,4,3,2,1,1,2
"253",1,4,3,3,3,2,2
"254",1,4,3,3,3,3,2
"255",1,4,3,3,3,1,2
"256",1,4,3,3,2,2,2
"257",1,4,3,3,2,3,2
"258",1,4,3,3,2,1,2
"259",1,4,3,3,1,2,2
"260",1,4,3,3,1,3,2
"261",1,4,3,3,1,1,2
"262",1,4,4,1,3,2,2
"263",1,4,4,1,3,3,2
"264",1,4,4,1,3,1,2
"265",1,4,4,1,2,2,2
"266",1,4,4,1,2,3,2
"267",1,4,4,1,2,1,2
"268",1,4,4,1,1,2,2
"269",1,4,4,1,1,3,2
"270",1,4,4,1,1,1,2
"271",1,4,4,2,3,2,2
"272",1,4,4,2,3,3,2
"273",1,4,4,2,3,1,2
"274",1,4,4,2,2,2,2
"275",1,4,4,2,2,3,2
"276",1,4,4,2,2,1,2
"277",1,4,4,2,1,2,2
"278",1,4,4,2,1,3,2
"279",1,4,4,2,1,1,2
"280",1,4,4,3,3,2,2
"281",1,4,4,3,3,3,2
"282",1,4,4,3,3,1,2
"283",1,4,4,3,2,2,2
"284",1,4,4,3,2,3,2
"285",1,4,4,3,2,1,2
"286",1,4,4,3,1,2,2
"287",1,4,4,3,1,3,2
"288",1,4,4,3,1,1,2
"289",1,1,1,1,3,2,2
"290",1,1,1,1,3,3,2
"291",1,1,1,1,3,1,2
"292",1,1,1,1,2,2,2
"293",1,1,1,1,2,3,2
"294",1,1,1,1,2,1,2
"295",1,1,1,1,1,2,2
"296",1,1,1,1,1,3,2
"297",1,1,1,1,1,1,2
"298",1,1,1,2,3,2,2
"299",1,1,1,2,3,3,2
"300",1,1,1,2,3,1,1
"301",1,1,1,2,2,2,2
"302",1,1,1,2,2,3,2
"303",1,1,1,2,2,1,1
"304",1,1,1,2,1,2,2
"305",1,1,1,2,1,3,1
"306",1,1,1,2,1,1,1
"307",1,1,1,3,3,2,2
"308",1,1,1,3,3,3,2
"309",1,1,1,3,3,1,2
"310",1,1,1,3,2,2,2
"311",1,1,1,3,2,3,2
"312",1,1,1,3,2,1,1
"313",1,1,1,3,1,2,2
"314",1,1,1,3,1,3,1
"315",1,1,1,3,1,1,1
"316",1,1,2,1,3,2,2
"317",1,1,2,1,3,3,2
"318",1,1,2,1,3,1,2
"319",1,1,2,1,2,2,2
"320",1,1,2,1,2,3,2
"321",1,1,2,1,2,1,2
"322",1,1,2,1,1,2,2
"323",1,1,2,1,1,3,2
"324",1,1,2,1,1,1,2
"325",1,1,2,2,3,2,2
"326",1,1,2,2,3,3,2
"327",1,1,2,2,3,1,1
"328",1,1,2,2,2,2,2
"329",1,1,2,2,2,3,2
"330",1,1,2,2,2,1,1
"331",1,1,2,2,1,2,2
"332",1,1,2,2,1,3,1
"333",1,1,2,2,1,1,1
"334",1,1,2,3,3,2,2
"335",1,1,2,3,3,3,2
"336",1,1,2,3,3,1,1
"337",1,1,2,3,2,2,2
"338",1,1,2,3,2,3,1
"339",1,1,2,3,2,1,1
"340",1,1,2,3,1,2,2
"341",1,1,2,3,1,3,1
"342",1,1,2,3,1,1,1
"343",1,1,3,1,3,2,2
"344",1,1,3,1,3,3,2
"345",1,1,3,1,3,1,2
"346",1,1,3,1,2,2,2
"347",1,1,3,1,2,3,2
"348",1,1,3,1,2,1,2
"349",1,1,3,1,1,2,2
"350",1,1,3,1,1,3,2
"351",1,1,3,1,1,1,2
"352",1,1,3,2,3,2,2
"353",1,1,3,2,3,3,2
"354",1,1,3,2,3,1,1
"355",1,1,3,2,2,2,2
"356",1,1,3,2,2,3,1
"357",1,1,3,2,2,1,1
"358",1,1,3,2,1,2,2
"359",1,1,3,2,1,3,1
"360",1,1,3,2,1,1,1
"361",1,1,3,3,3,2,2
"362",1,1,3,3,3,3,2
"363",1,1,3,3,3,1,1
"364",1,1,3,3,2,2,2
"365",1,1,3,3,2,3,1
"366",1,1,3,3,2,1,1
"367",1,1,3,3,1,2,2
"368",1,1,3,3,1,3,1
"369",1,1,3,3,1,1,1
"370",1,1,4,1,3,2,2
"371",1,1,4,1,3,3,2
"372",1,1,4,1,3,1,2
"373",1,1,4,1,2,2,2
"374",1,1,4,1,2,3,2
"375",1,1,4,1,2,1,2
"376",1,1,4,1,1,2,2
"377",1,1,4,1,1,3,2
"378",1,1,4,1,1,1,2
"379",1,1,4,2,3,2,2
"380",1,1,4,2,3,3,2
"381",1,1,4,2,3,1,1
"382",1,1,4,2,2,2,2
"383",1,1,4,2,2,3,1
"384",1,1,4,2,2,1,1
"385",1,1,4,2,1,2,2
"386",1,1,4,2,1,3,1
"387",1,1,4,2,1,1,1
"388",1,1,4,3,3,2,2
"389",1,1,4,3,3,3,2
"390",1,1,4,3,3,1,1
"391",1,1,4,3,2,2,2
"392",1,1,4,3,2,3,1
"393",1,1,4,3,2,1,1
"394",1,1,4,3,1,2,2
"395",1,1,4,3,1,3,1
"396",1,1,4,3,1,1,1
"397",1,3,1,1,3,2,2
"398",1,3,1,1,3,3,2
"399",1,3,1,1,3,1,2
"400",1,3,1,1,2,2,2
"401",1,3,1,1,2,3,2
"402",1,3,1,1,2,1,2
"403",1,3,1,1,1,2,2
"404",1,3,1,1,1,3,2
"405",1,3,1,1,1,1,2
"406",1,3,1,2,3,2,2
"407",1,3,1,2,3,3,2
"408",1,3,1,2,3,1,1
"409",1,3,1,2,2,2,2
"410",1,3,1,2,2,3,2
"411",1,3,1,2,2,1,1
"412",1,3,1,2,1,2,2
"413",1,3,1,2,1,3,1
"414",1,3,1,2,1,1,1
"415",1,3,1,3,3,2,2
"416",1,3,1,3,3,3,2
"417",1,3,1,3,3,1,2
"418",1,3,1,3,2,2,2
"419",1,3,1,3,2,3,2
"420",1,3,1,3,2,1,1
"421",1,3,1,3,1,2,2
"422",1,3,1,3,1,3,1
"423",1,3,1,3,1,1,1
"424",1,3,2,1,3,2,2
"425",1,3,2,1,3,3,2
"426",1,3,2,1,3,1,2
"427",1,3,2,1,2,2,2
"428",1,3,2,1,2,3,2
"429",1,3,2,1,2,1,2
"430",1,3,2,1,1,2,2
"431",1,3,2,1,1,3,2
"432",1,3,2,1,1,1,2
"433",1,3,2,2,3,2,2
"434",1,3,2,2,3,3,2
"435",1,3,2,2,3,1,1
"436",1,3,2,2,2,2,2
"437",1,3,2,2,2,3,2
"438",1,3,2,2,2,1,1
"439",1,3,2,2,1,2,2
"440",1,3,2,2,1,3,1
"441",1,3,2,2,1,1,1
"442",1,3,2,3,3,2,2
"443",1,3,2,3,3,3,2
"444",1,3,2,3,3,1,1
"445",1,3,2,3,2,2,2
"446",1,3,2,3,2,3,1
"447",1,3,2,3,2,1,1
"448",1,3,2,3,1,2,2
"449",1,3,2,3,1,3,1
"450",1,3,2,3,1,1,1
"451",1,3,3,1,3,2,2
"452",1,3,3,1,3,3,2
"453",1,3,3,1,3,1,2
"454",1,3,3,1,2,2,2
"455",1,3,3,1,2,3,2
"456",1,3,3,1,2,1,2
"457",1,3,3,1,1,2,2
"458",1,3,3,1,1,3,2
"459",1,3,3,1,1,1,2
"460",1,3,3,2,3,2,2
"461",1,3,3,2,3,3,2
"462",1,3,3,2,3,1,1
"463",1,3,3,2,2,2,2
"464",1,3,3,2,2,3,1
"465",1,3,3,2,2,1,1
"466",1,3,3,2,1,2,2
"467",1,3,3,2,1,3,1
"468",1,3,3,2,1,1,1
"469",1,3,3,3,3,2,2
"470",1,3,3,3,3,3,2
"471",1,3,3,3,3,1,1
"472",1,3,3,3,2,2,2
"473",1,3,3,3,2,3,1
"474",1,3,3,3,2,1,1
"475",1,3,3,3,1,2,2
"476",1,3,3,3,1,3,1
"477",1,3,3,3,1,1,1
"478",1,3,4,1,3,2,2
"479",1,3,4,1,3,3,2
"480",1,3,4,1,3,1,2
"481",1,3,4,1,2,2,2
"482",1,3,4,1,2,3,2
"483",1,3,4,1,2,1,2
"484",1,3,4,1,1,2,2
"485",1,3,4,1,1,3,2
"486",1,3,4,1,1,1,2
"487",1,3,4,2,3,2,2
"488",1,3,4,2,3,3,2
"489",1,3,4,2,3,1,1
"490",1,3,4,2,2,2,2
"491",1,3,4,2,2,3,1
"492",1,3,4,2,2,1,1
"493",1,3,4,2,1,2,2
"494",1,3,4,2,1,3,1
"495",1,3,4,2,1,1,1
"496",1,3,4,3,3,2,2
"497",1,3,4,3,3,3,2
"498",1,3,4,3,3,1,1
"499",1,3,4,3,2,2,2
"500",1,3,4,3,2,3,1
"501",1,3,4,3,2,1,1
"502",1,3,4,3,1,2,2
"503",1,3,4,3,1,3,1
"504",1,3,4,3,1,1,1
"505",1,2,1,1,3,2,2
"506",1,2,1,1,3,3,2
"507",1,2,1,1,3,1,2
"508",1,2,1,1,2,2,2
"509",1,2,1,1,2,3,2
"510",1,2,1,1,2,1,2
"511",1,2,1,1,1,2,2
"512",1,2,1,1,1,3,2
"513",1,2,1,1,1,1,2
"514",1,2,1,2,3,2,2
"515",1,2,1,2,3,3,2
"516",1,2,1,2,3,1,1
"517",1,2,1,2,2,2,2
"518",1,2,1,2,2,3,2
"519",1,2,1,2,2,1,1
"520",1,2,1,2,1,2,2
"521",1,2,1,2,1,3,1
"522",1,2,1,2,1,1,1
"523",1,2,1,3,3,2,2
"524",1,2,1,3,3,3,2
"525",1,2,1,3,3,1,2
"526",1,2,1,3,2,2,2
"527",1,2,1,3,2,3,2
"528",1,2,1,3,2,1,1
"529",1,2,1,3,1,2,2
"530",1,2,1,3,1,3,1
"531",1,2,1,3,1,1,1
"532",1,2,2,1,3,2,2
"533",1,2,2,1,3,3,2
"534",1,2,2,1,3,1,2
"535",1,2,2,1,2,2,2
"536",1,2,2,1,2,3,2
"537",1,2,2,1,2,1,2
"538",1,2,2,1,1,2,2
"539",1,2,2,1,1,3,2
"540",1,2,2,1,1,1,2
"541",1,2,2,2,3,2,2
"542",1,2,2,2,3,3,2
"543",1,2,2,2,3,1,1
"544",1,2,2,2,2,2,2
"545",1,2,2,2,2,3,2
"546",1,2,2,2,2,1,1
"547",1,2,2,2,1,2,2
"548",1,2,2,2,1,3,1
"549",1,2,2,2,1,1,1
"550",1,2,2,3,3,2,2
"551",1,2,2,3,3,3,2
"552",1,2,2,3,3,1,1
"553",1,2,2,3,2,2,2
"554",1,2,2,3,2,3,1
"555",1,2,2,3,2,1,1
"556",1,2,2,3,1,2,2
"557",1,2,2,3,1,3,1
"558",1,2,2,3,1,1,1
"559",1,2,3,1,3,2,2
"560",1,2,3,1,3,3,2
"561",1,2,3,1,3,1,2
"562",1,2,3,1,2,2,2
"563",1,2,3,1,2,3,2
"564",1,2,3,1,2,1,2
"565",1,2,3,1,1,2,2
"566",1,2,3,1,1,3,2
"567",1,2,3,1,1,1,2
"568",1,2,3,2,3,2,2
"569",1,2,3,2,3,3,2
"570",1,2,3,2,3,1,1
"571",1,2,3,2,2,2,2
"572",1,2,3,2,2,3,1
"573",1,2,3,2,2,1,1
"574",1,2,3,2,1,2,2
"575",1,2,3,2,1,3,1
"576",1,2,3,2,1,1,1
"577",1,2,3,3,3,2,2
"578",1,2,3,3,3,3,2
"579",1,2,3,3,3,1,1
"580",1,2,3,3,2,2,2
"581",1,2,3,3,2,3,1
"582",1,2,3,3,2,1,1
"583",1,2,3,3,1,2,2
"584",1,2,3,3,1,3,1
"585",1,2,3,3,1,1,1
"586",1,2,4,1,3,2,2
"587",1,2,4,1,3,3,2
"588",1,2,4,1,3,1,2
"589",1,2,4,1,2,2,2
"590",1,2,4,1,2,3,2
"591",1,2,4,1,2,1,2
"592",1,2,4,1,1,2,2
"593",1,2,4,1,1,3,2
"594",1,2,4,1,1,1,2
"595",1,2,4,2,3,2,2
"596",1,2,4,2,3,3,2
"597",1,2,4,2,3,1,1
"598",1,2,4,2,2,2,2
"599",1,2,4,2,2,3,1
"600",1,2,4,2,2,1,1
"601",1,2,4,2,1,2,2
"602",1,2,4,2,1,3,1
"603",1,2,4,2,1,1,1
"604",1,2,4,3,3,2,2
"605",1,2,4,3,3,3,2
"606",1,2,4,3,3,1,1
"607",1,2,4,3,2,2,2
"608",1,2,4,3,2,3,1
"609",1,2,4,3,2,1,1
"610",1,2,4,3,1,2,2
"611",1,2,4,3,1,3,1
"612",1,2,4,3,1,1,1
"613",3,4,1,1,3,2,2
"614",3,4,1,1,3,3,2
"615",3,4,1,1,3,1,2
"616",3,4,1,1,2,2,2
"617",3,4,1,1,2,3,2
"618",3,4,1,1,2,1,2
"619",3,4,1,1,1,2,2
"620",3,4,1,1,1,3,2
"621",3,4,1,1,1,1,2
"622",3,4,1,2,3,2,2
"623",3,4,1,2,3,3,2
"624",3,4,1,2,3,1,1
"625",3,4,1,2,2,2,2
"626",3,4,1,2,2,3,2
"627",3,4,1,2,2,1,1
"628",3,4,1,2,1,2,2
"629",3,4,1,2,1,3,1
"630",3,4,1,2,1,1,1
"631",3,4,1,3,3,2,2
"632",3,4,1,3,3,3,2
"633",3,4,1,3,3,1,2
"634",3,4,1,3,2,2,2
"635",3,4,1,3,2,3,2
"636",3,4,1,3,2,1,1
"637",3,4,1,3,1,2,2
"638",3,4,1,3,1,3,1
"639",3,4,1,3,1,1,1
"640",3,4,2,1,3,2,2
"641",3,4,2,1,3,3,2
"642",3,4,2,1,3,1,2
"643",3,4,2,1,2,2,2
"644",3,4,2,1,2,3,2
"645",3,4,2,1,2,1,2
"646",3,4,2,1,1,2,2
"647",3,4,2,1,1,3,2
"648",3,4,2,1,1,1,2
"649",3,4,2,2,3,2,2
"650",3,4,2,2,3,3,2
"651",3,4,2,2,3,1,1
"652",3,4,2,2,2,2,2
"653",3,4,2,2,2,3,2
"654",3,4,2,2,2,1,1
"655",3,4,2,2,1,2,2
"656",3,4,2,2,1,3,1
"657",3,4,2,2,1,1,1
"658",3,4,2,3,3,2,2
"659",3,4,2,3,3,3,2
"660",3,4,2,3,3,1,1
"661",3,4,2,3,2,2,2
"662",3,4,2,3,2,3,1
"663",3,4,2,3,2,1,1
"664",3,4,2,3,1,2,2
"665",3,4,2,3,1,3,1
"666",3,4,2,3,1,1,1
"667",3,4,3,1,3,2,2
"668",3,4,3,1,3,3,2
"669",3,4,3,1,3,1,2
"670",3,4,3,1,2,2,2
"671",3,4,3,1,2,3,2
"672",3,4,3,1,2,1,2
"673",3,4,3,1,1,2,2
"674",3,4,3,1,1,3,2
"675",3,4,3,1,1,1,2
"676",3,4,3,2,3,2,2
"677",3,4,3,2,3,3,2
"678",3,4,3,2,3,1,1
"679",3,4,3,2,2,2,2
"680",3,4,3,2,2,3,1
"681",3,4,3,2,2,1,1
"682",3,4,3,2,1,2,2
"683",3,4,3,2,1,3,1
"684",3,4,3,2,1,1,1
"685",3,4,3,3,3,2,2
"686",3,4,3,3,3,3,2
"687",3,4,3,3,3,1,1
"688",3,4,3,3,2,2,2
"689",3,4,3,3,2,3,1
"690",3,4,3,3,2,1,1
"691",3,4,3,3,1,2,2
"692",3,4,3,3,1,3,1
"693",3,4,3,3,1,1,1
"694",3,4,4,1,3,2,2
"695",3,4,4,1,3,3,2
"696",3,4,4,1,3,1,2
"697",3,4,4,1,2,2,2
"698",3,4,4,1,2,3,2
"699",3,4,4,1,2,1,2
"700",3,4,4,1,1,2,2
"701",3,4,4,1,1,3,2
"702",3,4,4,1,1,1,2
"703",3,4,4,2,3,2,2
"704",3,4,4,2,3,3,2
"705",3,4,4,2,3,1,1
"706",3,4,4,2,2,2,2
"707",3,4,4,2,2,3,1
"708",3,4,4,2,2,1,1
"709",3,4,4,2,1,2,2
"710",3,4,4,2,1,3,1
"711",3,4,4,2,1,1,1
"712",3,4,4,3,3,2,2
"713",3,4,4,3,3,3,2
"714",3,4,4,3,3,1,1
"715",3,4,4,3,2,2,2
"716",3,4,4,3,2,3,1
"717",3,4,4,3,2,1,1
"718",3,4,4,3,1,2,2
"719",3,4,4,3,1,3,1
"720",3,4,4,3,1,1,1
"721",3,1,1,1,3,2,2
"722",3,1,1,1,3,3,2
"723",3,1,1,1,3,1,2
"724",3,1,1,1,2,2,2
"725",3,1,1,1,2,3,2
"726",3,1,1,1,2,1,2
"727",3,1,1,1,1,2,2
"728",3,1,1,1,1,3,2
"729",3,1,1,1,1,1,2
"730",3,1,1,2,3,2,2
"731",3,1,1,2,3,3,2
"732",3,1,1,2,3,1,1
"733",3,1,1,2,2,2,2
"734",3,1,1,2,2,3,2
"735",3,1,1,2,2,1,1
"736",3,1,1,2,1,2,2
"737",3,1,1,2,1,3,1
"738",3,1,1,2,1,1,1
"739",3,1,1,3,3,2,2
"740",3,1,1,3,3,3,2
"741",3,1,1,3,3,1,2
"742",3,1,1,3,2,2,2
"743",3,1,1,3,2,3,2
"744",3,1,1,3,2,1,1
"745",3,1,1,3,1,2,2
"746",3,1,1,3,1,3,1
"747",3,1,1,3,1,1,1
"748",3,1,2,1,3,2,2
"749",3,1,2,1,3,3,2
"750",3,1,2,1,3,1,2
"751",3,1,2,1,2,2,2
"752",3,1,2,1,2,3,2
"753",3,1,2,1,2,1,2
"754",3,1,2,1,1,2,2
"755",3,1,2,1,1,3,2
"756",3,1,2,1,1,1,2
"757",3,1,2,2,3,2,2
"758",3,1,2,2,3,3,2
"759",3,1,2,2,3,1,1
"760",3,1,2,2,2,2,2
"761",3,1,2,2,2,3,2
"762",3,1,2,2,2,1,1
"763",3,1,2,2,1,2,2
"764",3,1,2,2,1,3,1
"765",3,1,2,2,1,1,1
"766",3,1,2,3,3,2,2
"767",3,1,2,3,3,3,2
"768",3,1,2,3,3,1,1
"769",3,1,2,3,2,2,2
"770",3,1,2,3,2,3,1
"771",3,1,2,3,2,1,1
"772",3,1,2,3,1,2,2
"773",3,1,2,3,1,3,1
"774",3,1,2,3,1,1,1
"775",3,1,3,1,3,2,2
"776",3,1,3,1,3,3,2
"777",3,1,3,1,3,1,2
"778",3,1,3,1,2,2,2
"779",3,1,3,1,2,3,2
"780",3,1,3,1,2,1,2
"781",3,1,3,1,1,2,2
"782",3,1,3,1,1,3,2
"783",3,1,3,1,1,1,2
"784",3,1,3,2,3,2,2
"785",3,1,3,2,3,3,2
"786",3,1,3,2,3,1,1
"787",3,1,3,2,2,2,2
"788",3,1,3,2,2,3,1
"789",3,1,3,2,2,1,1
"790",3,1,3,2,1,2,2
"791",3,1,3,2,1,3,1
"792",3,1,3,2,1,1,1
"793",3,1,3,3,3,2,2
"794",3,1,3,3,3,3,2
"795",3,1,3,3,3,1,1
"796",3,1,3,3,2,2,2
"797",3,1,3,3,2,3,1
"798",3,1,3,3,2,1,1
"799",3,1,3,3,1,2,2
"800",3,1,3,3,1,3,1
"801",3,1,3,3,1,1,1
"802",3,1,4,1,3,2,2
"803",3,1,4,1,3,3,2
"804",3,1,4,1,3,1,2
"805",3,1,4,1,2,2,2
"806",3,1,4,1,2,3,2
"807",3,1,4,1,2,1,2
"808",3,1,4,1,1,2,2
"809",3,1,4,1,1,3,2
"810",3,1,4,1,1,1,2
"811",3,1,4,2,3,2,2
"812",3,1,4,2,3,3,2
"813",3,1,4,2,3,1,1
"814",3,1,4,2,2,2,2
"815",3,1,4,2,2,3,1
"816",3,1,4,2,2,1,1
"817",3,1,4,2,1,2,2
"818",3,1,4,2,1,3,1
"819",3,1,4,2,1,1,1
"820",3,1,4,3,3,2,2
"821",3,1,4,3,3,3,2
"822",3,1,4,3,3,1,1
"823",3,1,4,3,2,2,2
"824",3,1,4,3,2,3,1
"825",3,1,4,3,2,1,1
"826",3,1,4,3,1,2,2
"827",3,1,4,3,1,3,1
"828",3,1,4,3,1,1,1
"829",3,3,1,1,3,2,2
"830",3,3,1,1,3,3,2
"831",3,3,1,1,3,1,2
"832",3,3,1,1,2,2,2
"833",3,3,1,1,2,3,2
"834",3,3,1,1,2,1,2
"835",3,3,1,1,1,2,2
"836",3,3,1,1,1,3,2
"837",3,3,1,1,1,1,2
"838",3,3,1,2,3,2,2
"839",3,3,1,2,3,3,1
"840",3,3,1,2,3,1,1
"841",3,3,1,2,2,2,2
"842",3,3,1,2,2,3,1
"843",3,3,1,2,2,1,1
"844",3,3,1,2,1,2,2
"845",3,3,1,2,1,3,1
"846",3,3,1,2,1,1,1
"847",3,3,1,3,3,2,2
"848",3,3,1,3,3,3,2
"849",3,3,1,3,3,1,2
"850",3,3,1,3,2,2,2
"851",3,3,1,3,2,3,1
"852",3,3,1,3,2,1,1
"853",3,3,1,3,1,2,2
"854",3,3,1,3,1,3,1
"855",3,3,1,3,1,1,1
"856",3,3,2,1,3,2,2
"857",3,3,2,1,3,3,2
"858",3,3,2,1,3,1,2
"859",3,3,2,1,2,2,2
"860",3,3,2,1,2,3,2
"861",3,3,2,1,2,1,2
"862",3,3,2,1,1,2,2
"863",3,3,2,1,1,3,2
"864",3,3,2,1,1,1,2
"865",3,3,2,2,3,2,2
"866",3,3,2,2,3,3,1
"867",3,3,2,2,3,1,1
"868",3,3,2,2,2,2,2
"869",3,3,2,2,2,3,1
"870",3,3,2,2,2,1,1
"871",3,3,2,2,1,2,2
"872",3,3,2,2,1,3,1
"873",3,3,2,2,1,1,1
"874",3,3,2,3,3,2,2
"875",3,3,2,3,3,3,1
"876",3,3,2,3,3,1,1
"877",3,3,2,3,2,2,2
"878",3,3,2,3,2,3,1
"879",3,3,2,3,2,1,1
"880",3,3,2,3,1,2,2
"881",3,3,2,3,1,3,1
"882",3,3,2,3,1,1,1
"883",3,3,3,1,3,2,2
"884",3,3,3,1,3,3,2
"885",3,3,3,1,3,1,2
"886",3,3,3,1,2,2,2
"887",3,3,3,1,2,3,2
"888",3,3,3,1,2,1,2
"889",3,3,3,1,1,2,2
"890",3,3,3,1,1,3,2
"891",3,3,3,1,1,1,2
"892",3,3,3,2,3,2,2
"893",3,3,3,2,3,3,1
"894",3,3,3,2,3,1,1
"895",3,3,3,2,2,2,2
"896",3,3,3,2,2,3,1
"897",3,3,3,2,2,1,1
"898",3,3,3,2,1,2,2
"899",3,3,3,2,1,3,1
"900",3,3,3,2,1,1,1
"901",3,3,3,3,3,2,2
"902",3,3,3,3,3,3,1
"903",3,3,3,3,3,1,1
"904",3,3,3,3,2,2,2
"905",3,3,3,3,2,3,1
"906",3,3,3,3,2,1,1
"907",3,3,3,3,1,2,2
"908",3,3,3,3,1,3,1
"909",3,3,3,3,1,1,1
"910",3,3,4,1,3,2,2
"911",3,3,4,1,3,3,2
"912",3,3,4,1,3,1,2
"913",3,3,4,1,2,2,2
"914",3,3,4,1,2,3,2
"915",3,3,4,1,2,1,2
"916",3,3,4,1,1,2,2
"917",3,3,4,1,1,3,2
"918",3,3,4,1,1,1,2
"919",3,3,4,2,3,2,2
"920",3,3,4,2,3,3,1
"921",3,3,4,2,3,1,1
"922",3,3,4,2,2,2,2
"923",3,3,4,2,2,3,1
"924",3,3,4,2,2,1,1
"925",3,3,4,2,1,2,2
"926",3,3,4,2,1,3,1
"927",3,3,4,2,1,1,1
"928",3,3,4,3,3,2,2
"929",3,3,4,3,3,3,1
"930",3,3,4,3,3,1,1
"931",3,3,4,3,2,2,2
"932",3,3,4,3,2,3,1
"933",3,3,4,3,2,1,1
"934",3,3,4,3,1,2,2
"935",3,3,4,3,1,3,1
"936",3,3,4,3,1,1,1
"937",3,2,1,1,3,2,2
"938",3,2,1,1,3,3,2
"939",3,2,1,1,3,1,2
"940",3,2,1,1,2,2,2
"941",3,2,1,1,2,3,2
"942",3,2,1,1,2,1,2
"943",3,2,1,1,1,2,2
"944",3,2,1,1,1,3,2
"945",3,2,1,1,1,1,2
"946",3,2,1,2,3,2,2
"947",3,2,1,2,3,3,1
"948",3,2,1,2,3,1,1
"949",3,2,1,2,2,2,2
"950",3,2,1,2,2,3,1
"951",3,2,1,2,2,1,1
"952",3,2,1,2,1,2,2
"953",3,2,1,2,1,3,1
"954",3,2,1,2,1,1,1
"955",3,2,1,3,3,2,2
"956",3,2,1,3,3,3,2
"957",3,2,1,3,3,1,2
"958",3,2,1,3,2,2,2
"959",3,2,1,3,2,3,1
"960",3,2,1,3,2,1,1
"961",3,2,1,3,1,2,2
"962",3,2,1,3,1,3,1
"963",3,2,1,3,1,1,1
"964",3,2,2,2,3,3,1
"965",3,2,2,2,3,1,1
"966",3,2,2,2,2,2,2
"967",3,2,2,2,2,3,1
"968",3,2,2,2,2,1,1
"969",3,2,2,2,1,2,2
"970",3,2,2,2,1,3,1
"971",3,2,2,2,1,1,1
"972",3,2,2,3,3,2,2
"973",3,2,2,3,3,3,1
"974",3,2,2,3,3,1,1
"975",3,2,2,3,2,2,2
"976",3,2,2,3,2,3,1
"977",3,2,2,3,2,1,1
"978",3,2,2,3,1,2,2
"979",3,2,2,3,1,3,1
"980",3,2,2,3,1,1,1
"981",3,2,3,1,3,2,2
"982",3,2,3,1,3,3,2
"983",3,2,3,1,3,1,2
"984",3,2,3,1,2,2,2
"985",3,2,3,1,2,3,2
"986",3,2,3,1,2,1,2
"987",3,2,3,1,1,2,2
"988",3,2,3,1,1,3,2
"989",3,2,3,1,1,1,2
"990",3,2,3,2,3,2,2
"991",3,2,3,2,3,3,1
"992",3,2,3,2,3,1,1
"993",3,2,3,2,2,2,2
"994",3,2,3,2,2,3,1
"995",3,2,3,2,2,1,1
"996",3,2,3,2,1,2,2
"997",3,2,3,2,1,3,1
"998",3,2,3,2,1,1,1
"999",3,2,3,3,3,2,2
"1000",3,2,3,3,3,3,1
"1001",3,2,3,3,3,1,1
"1002",3,2,3,3,2,2,2
"1003",3,2,3,3,2,3,1
"1004",3,2,3,3,2,1,1
"1005",3,2,3,3,1,2,2
"1006",3,2,3,3,1,3,1
"1007",3,2,3,3,1,1,1
"1008",3,2,4,2,3,3,1
"1009",3,2,4,2,3,1,1
"1010",3,2,4,2,2,2,2
"1011",3,2,4,2,2,3,1
"1012",3,2,4,2,2,1,1
"1013",3,2,4,2,1,2,2
"1014",3,2,4,2,1,3,1
"1015",3,2,4,2,1,1,1
"1016",3,2,4,3,3,2,2
"1017",3,2,4,3,3,3,1
"1018",3,2,4,3,3,1,1
"1019",3,2,4,3,2,2,2
"1020",3,2,4,3,2,3,1
"1021",3,2,4,3,2,1,1
"1022",3,2,4,3,1,2,2
"1023",3,2,4,3,1,3,1
"1024",3,2,4,3,1,1,1
"1025",2,4,1,1,3,2,2
"1026",2,4,1,1,3,3,2
"1027",2,4,1,1,3,1,2
"1028",2,4,1,1,2,2,2
"1029",2,4,1,1,2,3,2
"1030",2,4,1,2,3,1,1
"1031",2,4,1,2,2,2,2
"1032",2,4,1,2,2,3,2
"1033",2,4,1,2,2,1,1
"1034",2,4,1,2,1,2,2
"1035",2,4,1,2,1,3,1
"1036",2,4,1,2,1,1,1
"1037",2,4,1,3,2,1,1
"1038",2,4,1,3,1,2,2
"1039",2,4,1,3,1,3,1
"1040",2,4,1,3,1,1,1
"1041",2,4,2,1,3,2,2
"1042",2,4,2,1,3,3,2
"1043",2,4,2,1,3,1,2
"1044",2,4,2,1,2,2,2
"1045",2,4,2,1,2,3,2
"1046",2,4,2,1,2,1,2
"1047",2,4,2,1,1,2,2
"1048",2,4,2,1,1,3,2
"1049",2,4,2,1,1,1,2
"1050",2,4,2,2,3,2,2
"1051",2,4,2,2,3,3,2
"1052",2,4,2,2,3,1,1
"1053",2,4,2,2,2,2,2
"1054",2,4,2,2,2,3,2
"1055",2,4,2,2,2,1,1
"1056",2,4,2,2,1,2,2
"1057",2,4,2,2,1,3,1
"1058",2,4,2,2,1,1,1
"1059",2,4,2,3,3,2,2
"1060",2,4,2,3,3,3,2
"1061",2,4,2,3,3,1,1
"1062",2,4,2,3,2,2,2
"1063",2,4,2,3,2,3,1
"1064",2,4,2,3,2,1,1
"1065",2,4,2,3,1,2,2
"1066",2,4,2,3,1,3,1
"1067",2,4,2,3,1,1,1
"1068",2,4,3,1,3,2,2
"1069",2,4,3,1,3,3,2
"1070",2,4,3,2,2,2,2
"1071",2,4,3,2,2,3,1
"1072",2,4,3,2,2,1,1
"1073",2,4,3,2,1,2,2
"1074",2,4,3,2,1,3,1
"1075",2,4,3,2,1,1,1
"1076",2,4,3,3,3,2,2
"1077",2,4,3,3,3,3,2
"1078",2,4,3,3,3,1,1
"1079",2,4,3,3,2,2,2
"1080",2,4,3,3,2,3,1
"1081",2,4,3,3,2,1,1
"1082",2,4,3,3,1,2,2
"1083",2,4,3,3,1,3,1
"1084",2,4,3,3,1,1,1
"1085",2,4,4,2,3,1,1
"1086",2,4,4,2,2,2,2
"1087",2,4,4,2,2,3,1
"1088",2,4,4,2,2,1,1
"1089",2,4,4,2,1,2,2
"1090",2,4,4,2,1,3,1
"1091",2,4,4,2,1,1,1
"1092",2,4,4,3,3,2,2
"1093",2,4,4,3,3,3,2
"1094",2,4,4,3,3,1,1
"1095",2,4,4,3,2,2,2
"1096",2,4,4,3,2,3,1
"1097",2,4,4,3,2,1,1
"1098",2,4,4,3,1,2,2
"1099",2,4,4,3,1,3,1
"1100",2,4,4,3,1,1,1
"1101",2,1,1,2,3,3,1
"1102",2,1,1,2,3,1,1
"1103",2,1,1,2,2,2,2
"1104",2,1,1,2,2,3,1
"1105",2,1,1,2,2,1,1
"1106",2,1,1,2,1,2,2
"1107",2,1,1,2,1,3,1
"1108",2,1,1,2,1,1,1
"1109",2,1,1,3,2,1,1
"1110",2,1,1,3,1,2,2
"1111",2,1,1,3,1,3,1
"1112",2,1,2,2,3,2,2
"1113",2,1,2,2,3,3,1
"1114",2,1,2,2,3,1,1
"1115",2,1,2,2,2,2,2
"1116",2,1,2,2,2,3,1
"1117",2,1,2,2,2,1,1
"1118",2,1,2,2,1,2,2
"1119",2,1,2,2,1,3,1
"1120",2,1,2,2,1,1,1
"1121",2,1,2,3,3,2,2
"1122",2,1,2,3,3,3,1
"1123",2,1,2,3,3,1,1
"1124",2,1,2,3,2,2,2
"1125",2,1,2,3,2,3,1
"1126",2,1,2,3,2,1,1
"1127",2,1,2,3,1,2,2
"1128",2,1,2,3,1,3,1
"1129",2,1,2,3,1,1,1
"1130",2,1,3,2,3,3,1
"1131",2,1,3,2,3,1,1
"1132",2,1,3,2,2,2,2
"1133",2,1,3,2,2,3,1
"1134",2,1,3,2,2,1,1
"1135",2,1,3,2,1,2,2
"1136",2,1,3,2,1,3,1
"1137",2,1,3,2,1,1,1
"1138",2,1,3,3,3,2,2
"1139",2,1,3,3,3,3,1
"1140",2,1,3,3,3,1,1
"1141",2,1,3,3,2,2,2
"1142",2,1,3,3,2,3,1
"1143",2,1,3,3,2,1,1
"1144",2,1,3,3,1,2,2
"1145",2,1,3,3,1,3,1
"1146",2,1,3,3,1,1,1
"1147",2,1,4,1,3,2,2
"1148",2,1,4,1,3,3,2
"1149",2,1,4,1,3,1,2
"1150",2,1,4,1,2,2,2
"1151",2,1,4,1,2,3,2
"1152",2,1,4,1,2,1,2
"1153",2,1,4,1,1,2,2
"1154",2,1,4,1,1,3,2
"1155",2,1,4,1,1,1,2
"1156",2,1,4,2,3,2,2
"1157",2,1,4,2,3,3,1
"1158",2,1,4,2,3,1,1
"1159",2,1,4,2,2,2,2
"1160",2,1,4,2,2,3,1
"1161",2,1,4,2,2,1,1
"1162",2,1,4,2,1,2,2
"1163",2,1,4,2,1,3,1
"1164",2,1,4,2,1,1,1
"1165",2,1,4,3,3,2,2
"1166",2,1,4,3,3,3,1
"1167",2,1,4,3,3,1,1
"1168",2,1,4,3,2,2,2
"1169",2,1,4,3,2,3,1
"1170",2,1,4,3,2,1,1
"1171",2,1,4,3,1,2,2
"1172",2,1,4,3,1,3,1
"1173",2,1,4,3,1,1,1
"1174",2,3,1,2,3,3,1
"1175",2,3,1,2,3,1,1
"1176",2,3,1,2,2,2,2
"1177",2,3,1,2,2,3,1
"1178",2,3,1,2,2,1,1
"1179",2,3,1,2,1,2,2
"1180",2,3,1,2,1,3,1
"1181",2,3,1,2,1,1,1
"1182",2,3,1,3,3,2,2
"1183",2,3,1,3,3,3,2
"1184",2,3,1,3,3,1,2
"1185",2,3,1,3,2,2,2
"1186",2,3,1,3,2,3,1
"1187",2,3,1,3,2,1,1
"1188",2,3,1,3,1,2,2
"1189",2,3,1,3,1,3,1
"1190",2,3,1,3,1,1,1
"1191",2,3,2,1,3,2,2
"1192",2,3,2,1,3,3,2
"1193",2,3,2,1,3,1,2
"1194",2,3,2,1,2,2,2
"1195",2,3,2,1,2,3,2
"1196",2,3,2,1,2,1,2
"1197",2,3,2,1,1,2,2
"1198",2,3,2,1,1,3,2
"1199",2,3,2,1,1,1,2
"1200",2,3,2,2,3,2,2
"1201",2,3,2,2,3,3,1
"1202",2,3,2,2,3,1,1
"1203",2,3,2,2,2,2,2
"1204",2,3,2,2,2,3,1
"1205",2,3,2,2,2,1,1
"1206",2,3,2,2,1,2,2
"1207",2,3,2,2,1,3,1
"1208",2,3,2,2,1,1,1
"1209",2,3,2,3,3,2,2
"1210",2,3,2,3,3,3,1
"1211",2,3,2,3,3,1,1
"1212",2,3,2,3,2,2,2
"1213",2,3,2,3,2,3,1
"1214",2,3,2,3,2,1,1
"1215",2,3,2,3,1,2,2
"1216",2,3,2,3,1,3,1
"1217",2,3,2,3,1,1,1
"1218",2,3,3,1,3,2,2
"1219",2,3,3,1,3,3,2
"1220",2,3,3,1,3,1,2
"1221",2,3,3,1,2,2,2
"1222",2,3,3,1,2,3,2
"1223",2,3,3,1,2,1,2
"1224",2,3,3,1,1,2,2
"1225",2,3,3,1,1,3,2
"1226",2,3,3,1,1,1,2
"1227",2,3,3,2,3,2,2
"1228",2,3,3,2,3,3,1
"1229",2,3,3,2,3,1,1
"1230",2,3,3,2,2,2,2
"1231",2,3,3,2,2,3,1
"1232",2,3,3,2,2,1,1
"1233",2,3,3,2,1,2,2
"1234",2,3,3,2,1,3,1
"1235",2,3,3,2,1,1,1
"1236",2,3,3,3,3,2,2
"1237",2,3,3,3,3,3,1
"1238",2,3,3,3,3,1,1
"1239",2,3,3,3,2,2,2
"1240",2,3,3,3,2,3,1
"1241",2,3,3,3,2,1,1
"1242",2,3,3,3,1,2,2
"1243",2,3,3,3,1,3,1
"1244",2,3,3,3,1,1,1
"1245",2,3,4,1,3,2,2
"1246",2,3,4,1,3,3,2
"1247",2,3,4,1,3,1,2
"1248",2,3,4,1,2,2,2
"1249",2,3,4,1,2,3,2
"1250",2,3,4,1,2,1,2
"1251",2,3,4,1,1,2,2
"1252",2,3,4,1,1,3,2
"1253",2,3,4,1,1,1,2
"1254",2,3,4,2,3,2,2
"1255",2,3,4,2,3,3,1
"1256",2,3,4,2,3,1,1
"1257",2,3,4,2,2,2,2
"1258",2,3,4,2,2,3,1
"1259",2,3,4,2,2,1,1
"1260",2,3,4,2,1,2,2
"1261",2,3,4,2,1,3,1
"1262",2,3,4,2,1,1,1
"1263",2,3,4,3,3,2,2
"1264",2,3,4,3,3,3,1
"1265",2,3,4,3,3,1,1
"1266",2,3,4,3,2,2,2
"1267",2,3,4,3,2,3,1
"1268",2,3,4,3,2,1,1
"1269",2,3,4,3,1,2,2
"1270",2,3,4,3,1,3,1
"1271",2,3,4,3,1,1,1
"1272",2,2,1,2,3,3,1
"1273",2,2,1,2,3,1,1
"1274",2,2,1,2,2,2,2
"1275",2,2,1,2,2,3,1
"1276",2,2,1,2,2,1,1
"1277",2,2,1,2,1,2,2
"1278",2,2,1,2,1,3,1
"1279",2,2,1,2,1,1,1
"1280",2,2,1,3,3,2,2
"1281",2,2,1,3,3,3,2
"1282",2,2,1,3,3,1,2
"1283",2,2,1,3,2,2,2
"1284",2,2,1,3,2,3,1
"1285",2,2,1,3,2,1,1
"1286",2,2,1,3,1,2,2
"1287",2,2,1,3,1,3,1
"1288",2,2,1,3,1,1,1
"1289",2,2,2,2,3,3,1
"1290",2,2,2,2,3,1,1
"1291",2,2,2,2,2,2,2
"1292",2,2,2,2,2,3,1
"1293",2,2,2,2,2,1,1
"1294",2,2,2,2,1,2,2
"1295",2,2,2,2,1,3,1
"1296",2,2,2,2,1,1,1
"1297",2,2,2,3,3,2,2
"1298",2,2,2,3,3,3,1
"1299",2,2,2,3,3,1,1
"1300",2,2,2,3,2,2,2
"1301",2,2,2,3,2,3,1
"1302",2,2,2,3,2,1,1
"1303",2,2,2,3,1,2,2
"1304",2,2,2,3,1,3,1
"1305",2,2,2,3,1,1,1
"1306",2,2,3,1,3,2,2
"1307",2,2,3,1,3,3,2
"1308",2,2,3,1,3,1,2
"1309",2,2,3,1,2,2,2
"1310",2,2,3,1,2,3,2
"1311",2,2,3,1,2,1,2
"1312",2,2,3,1,1,2,2
"1313",2,2,3,1,1,3,2
"1314",2,2,3,1,1,1,2
"1315",2,2,3,2,3,2,2
"1316",2,2,3,2,3,3,1
"1317",2,2,3,2,3,1,1
"1318",2,2,3,2,2,2,2
"1319",2,2,3,2,2,3,1
"1320",2,2,3,2,2,1,1
"1321",2,2,3,2,1,2,2
"1322",2,2,3,2,1,3,1
"1323",2,2,3,2,1,1,1
"1324",2,2,3,3,3,2,2
"1325",2,2,3,3,3,3,1
"1326",2,2,3,3,3,1,1
"1327",2,2,3,3,2,2,2
"1328",2,2,3,3,2,3,1
"1329",2,2,3,3,2,1,1
"1330",2,2,3,3,1,2,2
"1331",2,2,3,3,1,3,1
"1332",2,2,3,3,1,1,1
"1333",2,2,4,2,3,3,1
"1334",2,2,4,2,3,1,1
"1335",2,2,4,2,2,2,2
"1336",2,2,4,2,2,3,1
"1337",2,2,4,2,2,1,1
"1338",2,2,4,2,1,2,2
"1339",2,2,4,2,1,3,1
"1340",2,2,4,2,1,1,1
"1341",2,2,4,3,3,2,2
"1342",2,2,4,3,3,3,1
"1343",2,2,4,3,3,1,1
"1344",2,2,4,3,2,2,2
"1345",2,2,4,3,2,3,1
"1346",2,2,4,3,2,1,1
"1347",2,2,4,3,1,2,2
"1348",2,2,4,3,1,3,1
"1349",2,2,4,3,1,1,1
